pi,alpha,rho,lambda_opt,Cp_max,area,a,k,h,r0,R,zeta,zeta2,zeta3,omegan,omegan2,omegan3,Bdt,Kdt,Jr,Jg
3.141592653589793,0.1,1.225,7.6,0.486,10386.890710931253,3,2,81,1.5,57.5,0.6,0.45,0.9,11.11,5.73,3.42,755.49,2700000000.0,55000000.0,55000000.0
